purchase_id,purchase_date,supplier_id,paddy_variety,quantity_kg,price_per_kg,moisture_pct,rejected_bags,delivery_delay_days,total_amount
1,2025-07-01,3,Sella Paddy,8904.1,2.25,14.3,3,2,20034.23
2,2025-07-01,13,Long Grain Paddy,8376.2,2.33,16.4,1,0,19516.55
3,2025-07-02,7,Sella Paddy,5978.8,2.27,14.5,1,0,13571.88
4,2025-07-02,11,Long Grain Paddy,6064.9,2.3,14.4,0,0,13949.27
5,2025-07-03,8,Long Grain Paddy,4725.1,2.79,12.0,0,1,13183.03
6,2025-07-03,9,Broken-Prone Paddy,6343.2,2.33,12.6,2,0,14779.66
7,2025-07-03,17,Sella Paddy,6895.6,2.34,15.0,1,0,16135.7
8,2025-07-04,6,Basmati Paddy,11507.0,2.14,14.9,0,3,24624.98
9,2025-07-04,9,Long Grain Paddy,5523.7,2.27,13.7,1,0,12538.8
10,2025-07-04,7,Broken-Prone Paddy,9340.8,2.21,14.2,0,0,20643.17
11,2025-07-04,18,Broken-Prone Paddy,10033.8,2.17,13.8,1,1,21773.35
12,2025-07-05,9,Broken-Prone Paddy,11248.5,2.22,14.3,0,2,24971.67
13,2025-07-05,4,Basmati Paddy,8565.7,2.48,14.3,2,0,21242.94
14,2025-07-05,4,Long Grain Paddy,6122.1,2.18,15.0,3,2,13346.18
15,2025-07-06,6,Basmati Paddy,10196.7,2.31,15.7,3,2,23554.38
16,2025-07-06,16,Broken-Prone Paddy,5322.8,2.42,13.7,0,1,12881.18
17,2025-07-07,1,Sella Paddy,7456.4,2.28,13.7,5,1,17000.59
18,2025-07-07,15,Long Grain Paddy,10643.6,2.36,15.4,3,2,25118.9
19,2025-07-08,7,Broken-Prone Paddy,11593.4,2.35,15.0,2,1,27244.49
20,2025-07-08,2,Sella Paddy,8412.6,2.22,13.8,1,0,18675.97
21,2025-07-09,15,Basmati Paddy,5767.2,2.3,16.2,2,1,13264.56
22,2025-07-09,15,Sella Paddy,6086.2,2.41,12.8,2,0,14667.74
23,2025-07-10,1,Sella Paddy,4127.9,2.3,14.7,4,2,9494.17
24,2025-07-10,16,Sella Paddy,6300.0,2.31,13.6,2,0,14553.0
25,2025-07-10,16,Sella Paddy,6626.9,2.51,16.5,0,0,16633.52
26,2025-07-11,10,Broken-Prone Paddy,8146.3,2.7,13.6,0,1,21995.01
27,2025-07-12,11,Broken-Prone Paddy,7620.5,2.44,13.9,0,0,18594.02
28,2025-07-12,10,Basmati Paddy,6444.4,2.3,14.3,1,1,14822.12
29,2025-07-12,4,Basmati Paddy,9379.3,2.24,11.9,4,0,21009.63
30,2025-07-12,3,Basmati Paddy,11263.7,2.35,14.7,1,0,26469.7
31,2025-07-12,12,Broken-Prone Paddy,8980.1,2.33,12.9,0,2,20923.63
32,2025-07-12,5,Long Grain Paddy,5485.0,2.17,15.9,3,2,11902.45
33,2025-07-12,14,Broken-Prone Paddy,2775.0,2.62,13.5,0,1,7270.5
34,2025-07-13,9,Long Grain Paddy,9397.8,2.48,15.0,3,0,23306.54
35,2025-07-13,12,Sella Paddy,2907.3,2.59,12.8,0,0,7529.91
36,2025-07-13,8,Basmati Paddy,8806.8,2.23,13.9,1,1,19639.16
37,2025-07-13,1,Broken-Prone Paddy,8560.2,2.35,14.6,6,1,20116.47
38,2025-07-13,11,Sella Paddy,7722.7,2.5,11.8,0,1,19306.75
39,2025-07-14,5,Sella Paddy,8854.4,2.63,15.6,6,1,23287.07
40,2025-07-16,1,Basmati Paddy,7730.0,2.58,13.7,2,3,19943.4
41,2025-07-16,3,Basmati Paddy,8546.7,2.28,15.9,4,1,19486.48
42,2025-07-17,13,Broken-Prone Paddy,4578.5,2.43,14.5,0,1,11125.76
43,2025-07-19,1,Long Grain Paddy,13151.9,2.61,14.2,1,2,34326.46
44,2025-07-19,5,Sella Paddy,11722.6,2.48,14.0,0,1,29072.05
45,2025-07-19,18,Sella Paddy,3672.8,2.57,14.6,0,0,9439.1
46,2025-07-20,17,Long Grain Paddy,7963.2,2.47,13.2,2,0,19669.1
47,2025-07-20,11,Long Grain Paddy,7692.7,2.34,12.2,0,1,18000.92
48,2025-07-20,3,Sella Paddy,9169.4,2.35,12.3,2,1,21548.09
49,2025-07-22,14,Sella Paddy,8143.7,2.01,13.7,2,1,16368.84
50,2025-07-23,17,Long Grain Paddy,10128.4,2.26,12.6,0,1,22890.18
51,2025-07-24,2,Sella Paddy,10128.5,2.2,13.9,1,2,22282.7
52,2025-07-24,6,Basmati Paddy,3983.9,2.38,13.3,0,0,9481.68
53,2025-07-24,17,Long Grain Paddy,6383.6,2.19,15.5,2,1,13980.08
54,2025-07-25,5,Sella Paddy,11489.3,2.15,12.2,3,2,24702.0
55,2025-07-25,6,Long Grain Paddy,6373.4,2.28,13.5,2,0,14531.35
56,2025-07-25,8,Long Grain Paddy,8434.9,2.49,13.3,2,0,21002.9
57,2025-07-25,8,Basmati Paddy,11104.9,2.34,12.2,1,1,25985.47
58,2025-07-26,11,Sella Paddy,7505.1,2.42,11.4,1,1,18162.34
59,2025-07-26,12,Basmati Paddy,9566.5,2.2,16.0,1,0,21046.3
60,2025-07-27,11,Basmati Paddy,8216.5,2.33,14.9,0,0,19144.44
61,2025-07-27,5,Broken-Prone Paddy,6781.0,2.29,15.0,4,1,15528.49
62,2025-07-28,15,Long Grain Paddy,3347.7,2.5,15.2,1,0,8369.25
63,2025-07-28,6,Basmati Paddy,8413.0,2.44,13.2,5,1,20527.72
64,2025-07-28,5,Basmati Paddy,6757.9,2.41,15.3,2,1,16286.54
65,2025-07-28,15,Basmati Paddy,11217.4,2.28,13.8,5,1,25575.67
66,2025-07-29,15,Broken-Prone Paddy,10034.2,2.12,14.0,2,1,21272.5
67,2025-07-29,4,Sella Paddy,11012.4,2.45,13.3,0,1,26980.38
68,2025-07-29,8,Sella Paddy,7176.8,2.28,12.8,1,0,16363.1
69,2025-07-30,9,Long Grain Paddy,9540.5,2.26,12.5,3,1,21561.53
70,2025-07-30,2,Basmati Paddy,8403.4,2.47,14.4,0,0,20756.4
71,2025-07-30,1,Basmati Paddy,10701.1,2.07,13.3,3,2,22151.28
72,2025-07-31,13,Basmati Paddy,4593.2,2.06,12.5,0,1,9461.99
73,2025-08-02,14,Broken-Prone Paddy,8587.0,2.62,12.0,2,3,22497.94
74,2025-08-02,7,Basmati Paddy,5928.4,2.49,13.5,4,1,14761.72
75,2025-08-03,8,Sella Paddy,8246.9,2.33,13.9,0,0,19215.28
76,2025-08-04,14,Sella Paddy,9482.8,2.3,14.2,3,0,21810.44
77,2025-08-04,2,Sella Paddy,7176.7,2.34,13.3,3,2,16793.48
78,2025-08-04,12,Sella Paddy,10429.6,2.35,12.7,0,1,24509.56
79,2025-08-04,9,Long Grain Paddy,13388.1,2.45,12.8,3,0,32800.84
80,2025-08-04,5,Basmati Paddy,8489.6,2.2,15.0,3,0,18677.12
81,2025-08-04,6,Sella Paddy,5733.6,2.48,14.1,4,3,14219.33
82,2025-08-05,4,Broken-Prone Paddy,7437.5,2.53,14.3,4,1,18816.88
83,2025-08-05,1,Basmati Paddy,8744.4,2.09,14.8,4,1,18275.8
84,2025-08-07,7,Broken-Prone Paddy,10464.3,2.26,13.7,0,2,23649.32
85,2025-08-07,8,Basmati Paddy,11211.3,2.45,14.3,3,1,27467.68
86,2025-08-07,13,Long Grain Paddy,7224.1,2.37,11.7,0,2,17121.12
87,2025-08-08,7,Broken-Prone Paddy,11391.6,1.94,15.1,0,1,22099.7
88,2025-08-08,13,Long Grain Paddy,8555.3,2.28,14.7,0,0,19506.08
89,2025-08-08,17,Long Grain Paddy,13106.0,2.42,13.7,2,2,31716.52
90,2025-08-08,10,Basmati Paddy,6905.8,2.17,16.2,0,0,14985.59
91,2025-08-08,10,Basmati Paddy,7334.2,2.25,15.2,0,0,16501.95
92,2025-08-09,4,Long Grain Paddy,9668.0,2.59,14.6,0,1,25040.12
93,2025-08-10,5,Broken-Prone Paddy,10460.8,2.32,14.4,3,2,24269.06
94,2025-08-10,13,Basmati Paddy,6960.3,2.33,13.8,0,1,16217.5
95,2025-08-11,18,Broken-Prone Paddy,8424.1,2.35,13.4,2,1,19796.64
96,2025-08-11,14,Sella Paddy,7667.4,2.52,12.0,1,0,19321.85
97,2025-08-11,12,Broken-Prone Paddy,7827.4,2.32,13.3,0,0,18159.57
98,2025-08-12,5,Long Grain Paddy,8114.0,2.26,15.6,7,2,18337.64
99,2025-08-13,11,Sella Paddy,7895.9,2.43,12.9,1,1,19187.04
100,2025-08-13,14,Sella Paddy,5973.1,2.48,14.6,0,0,14813.29
101,2025-08-13,13,Broken-Prone Paddy,7230.6,2.38,13.5,1,1,17208.83
102,2025-08-13,15,Sella Paddy,8438.9,2.41,14.1,1,1,20337.75
103,2025-08-13,1,Basmati Paddy,6533.6,2.64,15.8,1,3,17248.7
104,2025-08-13,6,Long Grain Paddy,10841.5,2.28,14.1,2,0,24718.62
105,2025-08-13,11,Sella Paddy,10804.6,2.55,13.3,2,0,27551.73
106,2025-08-14,6,Basmati Paddy,6222.8,2.25,14.3,4,1,14001.3
107,2025-08-14,8,Basmati Paddy,9424.4,2.42,14.1,0,1,22807.05
108,2025-08-15,14,Sella Paddy,12095.3,2.58,14.3,1,0,31205.87
109,2025-08-15,2,Broken-Prone Paddy,6413.5,2.5,13.5,0,1,16033.75
110,2025-08-15,18,Sella Paddy,14180.7,2.28,14.7,2,0,32332.0
111,2025-08-16,12,Broken-Prone Paddy,14005.1,2.35,13.8,0,1,32911.98
112,2025-08-18,13,Sella Paddy,7552.5,2.24,13.5,1,0,16917.6
113,2025-08-18,10,Broken-Prone Paddy,11498.4,2.49,13.2,0,0,28631.02
114,2025-08-19,16,Sella Paddy,11293.5,2.38,16.4,2,0,26878.53
115,2025-08-19,12,Broken-Prone Paddy,6371.5,2.28,12.7,1,0,14527.02
116,2025-08-19,12,Long Grain Paddy,12318.9,2.42,13.2,0,0,29811.74
117,2025-08-19,15,Broken-Prone Paddy,7356.6,2.1,14.8,3,2,15448.86
118,2025-08-19,18,Sella Paddy,8561.1,2.51,15.5,3,0,21488.36
119,2025-08-20,3,Broken-Prone Paddy,11691.4,2.56,13.2,2,1,29929.98
120,2025-08-20,14,Sella Paddy,7936.1,2.53,14.5,2,0,20078.33
121,2025-08-22,3,Long Grain Paddy,4763.3,2.52,13.3,2,1,12003.52
122,2025-08-22,14,Sella Paddy,6521.7,2.06,12.8,3,1,13434.7
123,2025-08-23,5,Sella Paddy,9259.5,2.03,15.3,4,2,18796.78
124,2025-08-25,3,Sella Paddy,9831.6,2.34,14.0,0,0,23005.94
125,2025-08-25,18,Broken-Prone Paddy,8348.4,2.42,13.3,1,1,20203.13
126,2025-08-26,13,Sella Paddy,6168.3,2.43,13.9,0,0,14988.97
127,2025-08-27,11,Broken-Prone Paddy,7922.8,2.65,14.7,1,1,20995.42
128,2025-08-27,14,Broken-Prone Paddy,8451.6,2.46,14.8,1,2,20790.94
129,2025-08-29,6,Sella Paddy,10973.7,2.17,14.9,3,2,23812.93
130,2025-08-29,7,Basmati Paddy,4804.9,2.1,12.4,1,2,10090.29
131,2025-08-29,3,Basmati Paddy,12105.0,2.5,13.1,3,3,30262.5
132,2025-08-29,12,Long Grain Paddy,8224.0,2.17,12.9,0,0,17846.08
133,2025-08-29,6,Long Grain Paddy,10137.3,2.5,15.8,2,1,25343.25
134,2025-08-29,4,Long Grain Paddy,7527.8,2.43,14.0,1,0,18292.55
135,2025-08-30,18,Broken-Prone Paddy,8790.5,2.34,13.6,0,1,20569.77
136,2025-08-30,10,Broken-Prone Paddy,6649.2,2.43,14.2,0,0,16157.56
137,2025-08-30,4,Basmati Paddy,5943.4,2.33,13.5,1,2,13848.12
138,2025-08-31,9,Broken-Prone Paddy,5351.5,2.42,14.5,2,0,12950.63
139,2025-08-31,18,Long Grain Paddy,9731.7,2.42,14.7,1,1,23550.71
140,2025-08-31,18,Basmati Paddy,6882.1,2.26,13.4,1,1,15553.55
141,2025-09-01,14,Basmati Paddy,6632.3,2.37,13.3,2,0,15718.55
142,2025-09-01,7,Basmati Paddy,10606.5,2.27,11.5,2,1,24076.76
143,2025-09-01,1,Broken-Prone Paddy,3921.2,2.59,12.8,4,0,10155.91
144,2025-09-02,3,Basmati Paddy,4251.0,2.15,13.9,2,1,9139.65
145,2025-09-02,13,Long Grain Paddy,11278.0,2.45,12.8,0,0,27631.1
146,2025-09-02,16,Broken-Prone Paddy,7950.0,2.41,12.8,1,0,19159.5
147,2025-09-02,8,Broken-Prone Paddy,6116.8,2.47,12.5,0,0,15108.5
148,2025-09-03,16,Basmati Paddy,4904.6,2.35,13.1,1,0,11525.81
149,2025-09-04,4,Basmati Paddy,8913.3,2.56,11.7,2,2,22818.05
150,2025-09-04,3,Long Grain Paddy,8932.6,2.65,13.1,2,1,23671.39
151,2025-09-05,18,Long Grain Paddy,10714.7,2.42,13.5,2,1,25929.57
152,2025-09-05,3,Basmati Paddy,5337.2,2.3,13.2,0,1,12275.56
153,2025-09-06,12,Broken-Prone Paddy,7823.8,2.42,13.2,0,0,18933.6
154,2025-09-07,11,Long Grain Paddy,11826.9,2.53,13.3,0,2,29922.06
155,2025-09-08,9,Broken-Prone Paddy,6466.5,2.3,13.1,3,0,14872.95
156,2025-09-08,4,Sella Paddy,1615.2,2.49,12.4,3,1,4021.85
157,2025-09-08,5,Long Grain Paddy,7925.3,2.32,14.0,2,1,18386.7
158,2025-09-09,18,Basmati Paddy,4530.1,2.24,13.5,0,2,10147.42
159,2025-09-09,4,Broken-Prone Paddy,7026.0,2.43,15.4,4,1,17073.18
160,2025-09-09,17,Broken-Prone Paddy,9162.6,2.37,13.9,0,0,21715.36
161,2025-09-10,15,Broken-Prone Paddy,7690.5,2.5,14.3,0,2,19226.25
162,2025-09-10,11,Long Grain Paddy,10732.7,2.44,10.6,4,0,26187.79
163,2025-09-10,11,Basmati Paddy,11110.1,2.02,12.6,3,0,22442.4
164,2025-09-10,2,Long Grain Paddy,5846.5,2.22,15.0,1,1,12979.23
165,2025-09-11,15,Broken-Prone Paddy,8574.9,2.21,14.1,2,1,18950.53
166,2025-09-11,12,Basmati Paddy,8526.2,2.33,11.5,1,1,19866.05
167,2025-09-11,12,Long Grain Paddy,7582.2,2.39,12.8,1,1,18121.46
168,2025-09-11,12,Basmati Paddy,7632.5,2.3,12.1,0,1,17554.75
169,2025-09-11,18,Sella Paddy,8806.2,2.25,12.1,0,0,19813.95
170,2025-09-11,11,Sella Paddy,10008.6,2.48,12.5,0,0,24821.33
171,2025-09-12,10,Long Grain Paddy,11317.0,2.39,13.8,0,0,27047.63
172,2025-09-12,10,Sella Paddy,4766.2,2.51,14.0,0,0,11963.16
173,2025-09-12,9,Basmati Paddy,9716.4,2.02,15.0,2,0,19627.13
174,2025-09-13,6,Basmati Paddy,5957.0,2.04,14.9,3,1,12152.28
175,2025-09-13,10,Broken-Prone Paddy,4185.9,2.54,12.4,0,2,10632.19
176,2025-09-13,5,Sella Paddy,11855.3,2.65,17.0,5,3,31416.54
177,2025-09-14,4,Broken-Prone Paddy,1066.1,2.47,13.5,1,0,2633.27
178,2025-09-14,17,Sella Paddy,11783.6,2.44,12.3,2,2,28751.98
179,2025-09-14,15,Basmati Paddy,7069.5,2.51,16.6,2,3,17744.44
180,2025-09-15,3,Broken-Prone Paddy,10582.4,2.32,13.5,3,1,24551.17
181,2025-09-15,7,Broken-Prone Paddy,7314.4,2.2,13.4,0,1,16091.68
182,2025-09-15,12,Basmati Paddy,5614.8,2.21,11.8,1,0,12408.71
183,2025-09-15,13,Long Grain Paddy,10632.6,2.65,11.6,1,0,28176.39
184,2025-09-15,18,Basmati Paddy,8878.2,2.6,14.9,2,0,23083.32
185,2025-09-15,18,Basmati Paddy,9115.0,2.24,12.8,0,0,20417.6
186,2025-09-16,18,Broken-Prone Paddy,6481.6,2.59,13.8,2,0,16787.34
187,2025-09-16,11,Basmati Paddy,8441.1,2.29,12.5,1,0,19330.12
188,2025-09-17,2,Long Grain Paddy,12081.6,2.31,15.0,0,0,27908.5
189,2025-09-18,17,Basmati Paddy,6385.1,2.23,12.9,2,0,14238.77
190,2025-09-19,14,Broken-Prone Paddy,7270.5,2.12,14.9,2,1,15413.46
191,2025-09-20,5,Broken-Prone Paddy,3423.1,2.38,14.9,5,3,8146.98
192,2025-09-20,6,Broken-Prone Paddy,6391.1,2.5,13.8,3,1,15977.75
193,2025-09-21,11,Sella Paddy,9303.2,2.35,13.8,2,0,21862.52
194,2025-09-21,5,Basmati Paddy,10968.5,2.74,15.2,2,2,30053.69
195,2025-09-21,9,Basmati Paddy,8421.2,2.55,12.4,2,1,21474.06
196,2025-09-22,16,Basmati Paddy,10101.6,2.43,13.7,0,0,24546.89
197,2025-09-22,15,Basmati Paddy,9118.4,2.17,16.7,4,0,19786.93
198,2025-09-22,16,Broken-Prone Paddy,7206.1,2.25,14.5,1,0,16213.72
199,2025-09-23,3,Long Grain Paddy,6742.1,2.57,14.3,2,1,17327.2
200,2025-09-23,18,Basmati Paddy,10148.1,2.4,11.6,0,0,24355.44
201,2025-09-23,8,Broken-Prone Paddy,7404.3,2.2,13.2,0,1,16289.46
202,2025-09-24,3,Sella Paddy,9847.0,2.44,12.8,3,2,24026.68
203,2025-09-24,4,Long Grain Paddy,7441.3,2.3,14.0,2,1,17114.99
204,2025-09-24,14,Long Grain Paddy,10375.8,2.61,13.7,1,0,27080.84
205,2025-09-24,11,Basmati Paddy,6165.5,2.36,13.9,0,1,14550.58
206,2025-09-25,3,Broken-Prone Paddy,9633.2,2.75,11.7,4,0,26491.3
207,2025-09-26,4,Basmati Paddy,7358.5,1.99,14.6,4,1,14643.42
208,2025-09-26,18,Long Grain Paddy,6901.0,2.02,13.2,0,0,13940.02
209,2025-09-26,16,Sella Paddy,5764.2,2.25,13.7,0,1,12969.45
210,2025-09-26,8,Sella Paddy,10711.2,2.26,13.9,0,3,24207.31
211,2025-09-26,9,Basmati Paddy,6052.1,2.32,12.5,1,1,14040.87
212,2025-09-28,11,Broken-Prone Paddy,7002.2,2.25,11.9,2,0,15754.95
213,2025-09-29,14,Sella Paddy,8362.2,2.26,13.0,1,1,18898.57
214,2025-09-29,5,Long Grain Paddy,7472.2,2.2,14.3,1,2,16438.84
215,2025-09-29,2,Sella Paddy,11066.0,2.52,15.3,0,0,27886.32
216,2025-09-29,9,Broken-Prone Paddy,10382.8,2.39,12.9,1,1,24814.89
217,2025-09-30,15,Basmati Paddy,3101.5,2.46,15.4,4,3,7629.69
218,2025-09-30,6,Sella Paddy,7335.6,2.57,14.8,4,2,18852.49
219,2025-09-30,4,Basmati Paddy,9442.1,1.99,12.5,1,1,18789.78
220,2025-09-30,1,Long Grain Paddy,7613.8,2.41,11.7,0,2,18349.26
221,2025-09-30,11,Broken-Prone Paddy,10775.8,2.17,11.6,0,1,23383.49
222,2025-10-01,17,Sella Paddy,7885.1,2.18,13.5,2,0,17189.52
223,2025-10-02,15,Basmati Paddy,5259.7,2.34,13.9,4,2,12307.7
224,2025-10-02,13,Basmati Paddy,5311.8,2.4,16.4,0,0,12748.32
225,2025-10-02,3,Broken-Prone Paddy,5341.5,2.22,12.4,3,0,11858.13
226,2025-10-03,17,Broken-Prone Paddy,5744.8,2.51,14.8,1,0,14419.45
227,2025-10-03,5,Broken-Prone Paddy,14610.9,2.12,14.8,3,2,30975.11
228,2025-10-03,5,Basmati Paddy,6336.3,2.48,14.3,5,0,15714.02
229,2025-10-04,17,Basmati Paddy,10984.9,2.3,14.0,1,2,25265.27
230,2025-10-04,8,Broken-Prone Paddy,7512.7,2.52,14.0,2,0,18932.0
231,2025-10-04,11,Long Grain Paddy,8197.5,2.51,15.2,1,2,20575.72
232,2025-10-04,15,Sella Paddy,11023.2,2.13,14.6,2,1,23479.42
233,2025-10-06,3,Long Grain Paddy,13273.6,2.47,16.0,0,1,32785.79
234,2025-10-06,6,Sella Paddy,6841.8,2.32,15.9,1,1,15872.98
235,2025-10-07,2,Basmati Paddy,10182.3,2.26,13.7,2,1,23012.0
236,2025-10-07,17,Basmati Paddy,8197.2,2.35,11.5,1,1,19263.42
237,2025-10-08,18,Basmati Paddy,10017.8,2.2,14.1,1,1,22039.16
238,2025-10-08,8,Broken-Prone Paddy,7936.1,2.08,12.5,1,0,16507.09
239,2025-10-08,17,Sella Paddy,6434.5,2.35,14.6,0,0,15121.08
240,2025-10-08,8,Long Grain Paddy,5853.9,2.52,13.0,0,0,14751.83
241,2025-10-08,2,Sella Paddy,10568.6,2.25,13.7,3,2,23779.35
242,2025-10-10,11,Long Grain Paddy,8478.8,2.36,12.3,0,1,20009.97
243,2025-10-10,12,Broken-Prone Paddy,1937.0,2.35,13.0,0,1,4551.95
244,2025-10-10,14,Sella Paddy,7284.0,2.4,11.2,3,2,17481.6
245,2025-10-10,1,Broken-Prone Paddy,9620.3,2.46,14.4,4,1,23665.94
246,2025-10-11,3,Sella Paddy,10505.2,2.43,14.2,0,2,25527.64
247,2025-10-11,14,Long Grain Paddy,8729.3,2.32,14.4,1,1,20251.98
248,2025-10-11,15,Sella Paddy,9647.6,2.31,15.5,1,0,22285.96
249,2025-10-12,12,Basmati Paddy,9682.2,2.44,12.7,0,0,23624.57
250,2025-10-12,1,Broken-Prone Paddy,5883.5,2.46,15.6,7,3,14473.41
251,2025-10-12,8,Broken-Prone Paddy,6820.4,2.29,13.7,2,0,15618.72
252,2025-10-12,12,Sella Paddy,8052.2,2.38,11.6,0,0,19164.24
253,2025-10-13,13,Basmati Paddy,9245.6,2.52,15.1,0,0,23298.91
254,2025-10-13,15,Basmati Paddy,7415.0,2.42,15.5,1,1,17944.3
255,2025-10-13,18,Basmati Paddy,5277.3,2.33,13.5,0,1,12296.11
256,2025-10-14,3,Long Grain Paddy,7498.1,2.17,14.4,2,1,16270.88
257,2025-10-14,16,Sella Paddy,9366.7,2.33,12.1,2,1,21824.41
258,2025-10-14,18,Long Grain Paddy,9064.7,2.35,12.7,1,1,21302.04
259,2025-10-14,1,Sella Paddy,11714.7,2.32,14.8,5,3,27178.1
260,2025-10-14,8,Long Grain Paddy,9173.9,2.46,13.1,0,0,22567.79
261,2025-10-14,12,Basmati Paddy,6009.6,2.4,12.2,2,0,14423.04
262,2025-10-15,3,Basmati Paddy,7788.6,2.25,14.8,3,0,17524.35
263,2025-10-15,18,Broken-Prone Paddy,9217.9,2.45,14.0,0,0,22583.86
264,2025-10-16,13,Long Grain Paddy,9948.2,2.31,14.9,0,0,22980.34
265,2025-10-16,18,Basmati Paddy,9022.6,2.15,12.8,1,0,19398.59
266,2025-10-16,4,Broken-Prone Paddy,9692.9,2.3,13.0,1,1,22293.67
267,2025-10-17,17,Sella Paddy,3553.5,2.4,12.9,0,0,8528.4
268,2025-10-17,9,Long Grain Paddy,6310.7,2.36,12.3,0,0,14893.25
269,2025-10-17,15,Long Grain Paddy,6515.5,2.21,15.3,5,3,14399.26
270,2025-10-18,15,Sella Paddy,6506.2,2.56,16.4,1,2,16655.87
271,2025-10-20,10,Basmati Paddy,2398.3,2.31,13.3,0,0,5540.07
272,2025-10-20,6,Sella Paddy,9782.7,2.49,12.8,1,1,24358.92
273,2025-10-21,9,Long Grain Paddy,6604.2,2.18,14.1,3,1,14397.16
274,2025-10-21,15,Broken-Prone Paddy,1912.3,2.37,13.9,3,2,4532.15
275,2025-10-21,6,Long Grain Paddy,9251.7,2.36,14.2,3,0,21834.01
276,2025-10-21,12,Sella Paddy,9051.4,2.3,13.8,0,1,20818.22
277,2025-10-22,3,Basmati Paddy,4636.3,2.45,13.4,0,0,11358.94
278,2025-10-22,11,Basmati Paddy,7083.7,2.16,13.4,2,1,15300.79
279,2025-10-22,18,Basmati Paddy,12533.4,2.25,13.0,1,0,28200.15
280,2025-10-22,7,Basmati Paddy,5036.3,2.43,15.3,0,0,12238.21
281,2025-10-23,10,Long Grain Paddy,7424.0,2.21,14.2,0,1,16407.04
282,2025-10-23,17,Broken-Prone Paddy,4258.7,2.25,13.4,0,0,9582.07
283,2025-10-23,10,Basmati Paddy,5956.5,2.42,11.7,1,0,14414.73
284,2025-10-25,2,Sella Paddy,5737.7,2.57,11.9,3,3,14745.89
285,2025-10-25,4,Broken-Prone Paddy,9378.7,2.4,14.5,3,0,22508.88
286,2025-10-25,7,Broken-Prone Paddy,7182.2,2.11,13.3,1,1,15154.44
287,2025-10-26,18,Basmati Paddy,8563.3,2.29,13.3,0,1,19609.96
288,2025-10-26,9,Long Grain Paddy,8659.6,2.12,15.1,0,1,18358.35
289,2025-10-27,1,Broken-Prone Paddy,6253.5,2.22,16.5,2,1,13882.77
290,2025-10-27,10,Long Grain Paddy,7323.4,2.48,10.9,0,0,18162.03
291,2025-10-27,10,Long Grain Paddy,3807.7,2.36,12.6,0,1,8986.17
292,2025-10-28,5,Broken-Prone Paddy,10767.4,2.45,17.0,3,1,26380.13
293,2025-10-28,11,Broken-Prone Paddy,6626.1,2.48,13.1,0,0,16432.73
294,2025-10-29,15,Basmati Paddy,10447.3,2.2,14.3,2,1,22984.06
295,2025-10-29,10,Broken-Prone Paddy,10022.2,2.43,14.7,0,0,24353.95
296,2025-10-30,13,Sella Paddy,9372.2,2.31,13.1,0,0,21649.78
297,2025-10-30,7,Long Grain Paddy,6153.7,2.19,12.9,1,1,13476.6
298,2025-10-31,5,Sella Paddy,11986.8,2.25,14.2,5,0,26970.3
299,2025-10-31,1,Sella Paddy,5529.3,2.08,15.2,2,2,11500.94
300,2025-10-31,9,Sella Paddy,6326.5,2.2,13.0,0,0,13918.3
301,2025-10-31,15,Sella Paddy,9121.7,2.58,14.3,5,2,23533.99
302,2025-10-31,13,Broken-Prone Paddy,8819.6,2.49,12.0,0,0,21960.8
303,2025-11-01,17,Basmati Paddy,10731.2,2.46,14.7,1,0,26398.75
304,2025-11-01,11,Long Grain Paddy,5259.0,2.48,15.0,2,0,13042.32
305,2025-11-01,9,Sella Paddy,10610.5,2.82,13.2,1,2,29921.61
306,2025-11-01,8,Basmati Paddy,4654.6,2.34,14.1,2,0,10891.76
307,2025-11-02,3,Long Grain Paddy,4864.3,2.13,13.7,3,0,10360.96
308,2025-11-02,11,Broken-Prone Paddy,8789.3,2.4,15.3,0,0,21094.32
309,2025-11-02,15,Long Grain Paddy,8259.8,2.26,16.1,4,0,18667.15
310,2025-11-02,12,Basmati Paddy,6198.4,2.43,13.3,0,0,15062.11
311,2025-11-03,4,Broken-Prone Paddy,8343.2,2.52,13.1,2,2,21024.86
312,2025-11-03,8,Sella Paddy,10584.8,2.39,13.8,1,1,25297.67
313,2025-11-04,6,Long Grain Paddy,13470.1,2.43,13.2,3,2,32732.34
314,2025-11-04,4,Broken-Prone Paddy,9535.1,2.43,14.5,3,1,23170.29
315,2025-11-04,1,Broken-Prone Paddy,3750.1,2.31,15.6,5,1,8662.73
316,2025-11-04,8,Sella Paddy,6901.3,2.59,12.5,2,0,17874.37
317,2025-11-04,16,Broken-Prone Paddy,14123.6,2.17,12.7,4,0,30648.21
318,2025-11-05,14,Long Grain Paddy,8599.0,2.42,12.9,1,0,20809.58
319,2025-11-05,16,Basmati Paddy,3621.6,2.12,13.1,3,1,7677.79
320,2025-11-06,5,Broken-Prone Paddy,6719.0,2.68,14.1,7,0,18006.92
321,2025-11-06,11,Long Grain Paddy,8003.4,2.16,14.9,1,1,17287.34
322,2025-11-06,1,Broken-Prone Paddy,11077.2,2.6,15.2,3,1,28800.72
323,2025-11-06,18,Sella Paddy,9307.7,2.55,14.5,3,1,23734.64
324,2025-11-07,11,Long Grain Paddy,3652.3,2.52,12.6,3,0,9203.8
325,2025-11-07,16,Sella Paddy,9573.8,2.23,15.0,1,0,21349.57
326,2025-11-07,17,Broken-Prone Paddy,8721.6,2.36,14.9,0,0,20582.98
327,2025-11-07,7,Sella Paddy,2962.0,2.16,14.3,0,0,6397.92
328,2025-11-08,12,Basmati Paddy,7759.9,2.16,13.0,0,0,16761.38
329,2025-11-09,8,Basmati Paddy,9358.2,2.17,12.8,0,1,20307.29
330,2025-11-09,4,Sella Paddy,9487.6,2.27,13.6,2,0,21536.85
331,2025-11-09,11,Long Grain Paddy,11380.1,2.39,13.8,1,0,27198.44
332,2025-11-11,10,Broken-Prone Paddy,5035.3,2.0,13.8,0,1,10070.6
333,2025-11-11,17,Long Grain Paddy,6964.7,2.47,15.0,2,0,17202.81
334,2025-11-12,6,Basmati Paddy,6938.9,2.51,13.9,3,2,17416.64
335,2025-11-12,13,Long Grain Paddy,12760.3,2.59,15.9,0,0,33049.18
336,2025-11-12,8,Sella Paddy,11692.3,2.17,13.6,0,0,25372.29
337,2025-11-13,6,Basmati Paddy,8168.7,2.42,13.8,2,0,19768.25
338,2025-11-13,5,Long Grain Paddy,9300.0,2.2,13.7,3,1,20460.0
339,2025-11-13,10,Long Grain Paddy,9337.0,2.53,12.3,0,0,23622.61
340,2025-11-13,13,Long Grain Paddy,7922.4,2.21,12.1,0,0,17508.5
341,2025-11-14,16,Long Grain Paddy,11430.3,2.44,16.2,3,1,27889.93
342,2025-11-16,8,Broken-Prone Paddy,9753.3,2.18,15.2,0,0,21262.19
343,2025-11-18,3,Long Grain Paddy,6056.5,2.45,13.4,2,0,14838.42
344,2025-11-18,12,Basmati Paddy,11053.1,2.28,14.8,0,0,25201.07
345,2025-11-18,1,Basmati Paddy,9885.2,2.18,15.4,1,2,21549.74
346,2025-11-19,17,Basmati Paddy,6243.2,2.17,14.1,0,0,13547.74
347,2025-11-19,6,Sella Paddy,5069.3,2.52,14.6,1,2,12774.64
348,2025-11-20,14,Broken-Prone Paddy,6339.4,2.48,13.3,1,0,15721.71
349,2025-11-20,8,Long Grain Paddy,8821.9,2.35,13.2,0,1,20731.46
350,2025-11-20,9,Broken-Prone Paddy,9994.0,2.2,12.5,2,0,21986.8
351,2025-11-21,3,Sella Paddy,6377.4,2.3,15.2,2,1,14668.02
352,2025-11-21,12,Sella Paddy,7324.6,2.44,11.8,0,1,17872.02
353,2025-11-21,3,Sella Paddy,5909.7,2.07,14.2,1,2,12233.08
354,2025-11-21,14,Sella Paddy,4579.2,2.65,14.9,2,1,12134.88
355,2025-11-23,17,Basmati Paddy,7548.0,2.3,13.2,0,0,17360.4
356,2025-11-23,13,Long Grain Paddy,4438.5,2.42,13.5,1,0,10741.17
357,2025-11-23,12,Long Grain Paddy,3639.2,2.44,13.0,0,0,8879.65
358,2025-11-23,12,Sella Paddy,4237.8,2.37,13.2,0,0,10043.59
359,2025-11-24,8,Sella Paddy,5039.2,2.38,12.8,1,1,11993.3
360,2025-11-24,15,Broken-Prone Paddy,8573.5,2.19,15.3,1,2,18775.96
361,2025-11-24,6,Long Grain Paddy,6666.7,2.38,16.4,2,0,15866.75
362,2025-11-24,18,Long Grain Paddy,8147.5,2.42,13.1,1,0,19716.95
363,2025-11-25,3,Long Grain Paddy,7458.9,2.26,11.3,3,2,16857.11
364,2025-11-26,5,Basmati Paddy,7586.2,2.25,14.0,1,1,17068.95
365,2025-11-26,13,Broken-Prone Paddy,6647.3,2.39,12.2,1,0,15887.05
366,2025-11-26,7,Basmati Paddy,11426.0,2.56,15.2,1,0,29250.56
367,2025-11-26,7,Broken-Prone Paddy,9937.9,2.43,13.7,2,0,24149.1
368,2025-11-27,9,Long Grain Paddy,9682.4,2.09,13.3,0,0,20236.22
369,2025-11-27,11,Broken-Prone Paddy,11769.1,2.25,15.1,2,0,26480.48
370,2025-11-27,11,Basmati Paddy,11713.0,2.31,10.7,0,0,27057.03
371,2025-11-28,15,Long Grain Paddy,10130.9,2.35,13.8,5,2,23807.62
372,2025-11-28,9,Basmati Paddy,6552.0,2.32,14.4,1,0,15200.64
373,2025-11-29,11,Long Grain Paddy,7604.3,2.35,14.0,2,1,17870.1
374,2025-11-29,16,Long Grain Paddy,5573.1,2.56,13.8,0,1,14267.14
375,2025-11-29,15,Broken-Prone Paddy,9183.7,2.31,15.4,0,0,21214.35
376,2025-11-30,17,Broken-Prone Paddy,9589.2,2.27,11.1,1,0,21767.48
377,2025-12-01,15,Sella Paddy,9682.8,1.99,14.7,3,0,19268.77
378,2025-12-01,4,Sella Paddy,5526.0,2.31,14.5,3,1,12765.06
379,2025-12-01,4,Sella Paddy,5494.5,2.24,12.3,5,0,12307.68
380,2025-12-01,11,Long Grain Paddy,11503.6,2.18,13.1,1,0,25077.85
381,2025-12-02,3,Broken-Prone Paddy,10632.0,2.38,13.6,2,0,25304.16
382,2025-12-03,11,Basmati Paddy,6354.3,2.29,13.8,1,0,14551.35
383,2025-12-03,1,Long Grain Paddy,4486.9,2.34,15.9,3,2,10499.35
384,2025-12-03,8,Sella Paddy,9709.2,2.34,14.7,1,0,22719.53
385,2025-12-04,18,Broken-Prone Paddy,7284.6,2.03,13.3,1,1,14787.74
386,2025-12-05,2,Sella Paddy,8547.8,2.36,15.8,1,3,20172.81
387,2025-12-05,5,Sella Paddy,3828.5,2.51,14.3,2,2,9609.54
388,2025-12-05,16,Basmati Paddy,10184.1,2.28,15.5,2,3,23219.75
389,2025-12-05,4,Sella Paddy,5994.5,2.29,13.4,3,1,13727.4
390,2025-12-05,15,Long Grain Paddy,8578.6,2.45,14.1,3,0,21017.57
391,2025-12-05,3,Basmati Paddy,4756.2,2.24,13.9,4,0,10653.89
392,2025-12-06,8,Sella Paddy,7292.8,2.26,13.3,0,0,16481.73
393,2025-12-06,16,Long Grain Paddy,6595.1,2.5,13.0,2,0,16487.75
394,2025-12-06,1,Broken-Prone Paddy,5707.7,2.4,16.6,6,2,13698.48
395,2025-12-07,11,Long Grain Paddy,7259.9,2.31,16.6,1,0,16770.37
396,2025-12-07,16,Long Grain Paddy,8490.3,2.21,12.1,2,1,18763.56
397,2025-12-07,6,Basmati Paddy,5905.7,2.19,15.2,4,1,12933.48
398,2025-12-08,16,Sella Paddy,5434.1,2.53,12.8,2,2,13748.27
399,2025-12-08,9,Long Grain Paddy,6701.5,2.3,14.1,1,0,15413.45
400,2025-12-08,1,Broken-Prone Paddy,4873.3,2.35,12.0,1,1,11452.26
401,2025-12-08,6,Long Grain Paddy,11958.7,2.18,16.6,0,0,26069.97
402,2025-12-08,10,Broken-Prone Paddy,6376.2,2.41,12.5,0,0,15366.64
403,2025-12-09,1,Sella Paddy,9206.7,2.21,14.6,2,1,20346.81
404,2025-12-09,9,Broken-Prone Paddy,5861.1,2.2,16.0,1,1,12894.42
405,2025-12-10,15,Sella Paddy,7189.3,2.49,14.9,3,4,17901.36
406,2025-12-11,7,Sella Paddy,5080.7,2.53,15.3,1,0,12854.17
407,2025-12-11,5,Basmati Paddy,8996.7,2.28,12.6,1,3,20512.48
408,2025-12-11,1,Long Grain Paddy,3171.6,2.48,14.1,1,2,7865.57
409,2025-12-11,11,Broken-Prone Paddy,12046.0,2.31,13.2,0,0,27826.26
410,2025-12-12,16,Sella Paddy,7722.5,2.37,13.7,1,1,18302.32
411,2025-12-12,5,Long Grain Paddy,11501.0,2.43,12.6,2,2,27947.43
412,2025-12-12,3,Broken-Prone Paddy,6707.0,2.27,13.3,2,1,15224.89
413,2025-12-12,8,Long Grain Paddy,7505.6,2.38,12.4,0,0,17863.33
414,2025-12-13,14,Broken-Prone Paddy,8438.2,2.15,13.3,3,1,18142.13
415,2025-12-13,17,Sella Paddy,9612.9,2.46,12.4,0,1,23647.73
416,2025-12-14,13,Broken-Prone Paddy,7343.6,2.27,12.1,0,0,16669.97
417,2025-12-14,15,Sella Paddy,12453.8,2.2,13.9,1,1,27398.36
418,2025-12-15,13,Broken-Prone Paddy,4846.5,2.43,12.1,0,0,11777.0
419,2025-12-15,15,Long Grain Paddy,13026.2,2.2,15.5,5,2,28657.64
420,2025-12-15,18,Sella Paddy,6488.3,2.47,12.6,1,2,16026.1
421,2025-12-17,3,Broken-Prone Paddy,12921.2,2.28,15.3,0,3,29460.34
422,2025-12-18,12,Sella Paddy,9271.4,2.59,11.9,0,0,24012.93
423,2025-12-18,11,Basmati Paddy,9838.8,2.6,13.3,0,1,25580.88
424,2025-12-19,15,Broken-Prone Paddy,7877.4,2.33,14.8,4,3,18354.34
425,2025-12-19,13,Basmati Paddy,5221.0,2.34,12.6,0,0,12217.14
426,2025-12-19,2,Long Grain Paddy,3399.8,2.35,14.6,0,1,7989.53
427,2025-12-22,3,Long Grain Paddy,7904.6,2.36,15.0,3,1,18654.86
428,2025-12-22,9,Sella Paddy,4824.8,2.39,12.6,0,0,11531.27
429,2025-12-23,9,Long Grain Paddy,8178.1,2.16,12.8,2,0,17664.7
430,2025-12-23,8,Basmati Paddy,10670.9,2.44,16.1,1,0,26037.0
431,2025-12-23,4,Basmati Paddy,9623.7,2.3,13.7,1,1,22134.51
432,2025-12-24,5,Sella Paddy,9955.3,2.23,13.5,4,3,22200.32
433,2025-12-25,18,Long Grain Paddy,6996.0,2.33,15.8,1,0,16300.68
434,2025-12-25,18,Sella Paddy,6382.6,2.2,12.0,0,2,14041.72
435,2025-12-26,12,Broken-Prone Paddy,4229.5,2.18,13.1,0,0,9220.31
436,2025-12-26,18,Broken-Prone Paddy,10475.6,2.26,13.0,3,1,23674.86
437,2025-12-26,18,Long Grain Paddy,8373.4,2.4,13.5,1,0,20096.16
438,2025-12-27,11,Long Grain Paddy,7677.8,2.4,15.0,2,1,18426.72
439,2025-12-28,4,Long Grain Paddy,11685.1,2.55,15.0,2,0,29797.0
440,2025-12-28,9,Basmati Paddy,9347.9,2.5,12.1,1,2,23369.75
441,2025-12-28,3,Broken-Prone Paddy,6086.8,1.99,14.4,0,1,12112.73
442,2025-12-29,18,Long Grain Paddy,5301.3,2.17,13.3,1,0,11503.82
443,2025-12-30,8,Broken-Prone Paddy,5443.5,2.3,13.3,1,0,12520.05
444,2025-12-30,14,Broken-Prone Paddy,8702.5,2.03,15.0,2,0,17666.07
445,2025-12-31,3,Broken-Prone Paddy,5893.8,2.41,14.2,3,1,14204.06
446,2025-12-31,16,Long Grain Paddy,10784.2,2.06,15.3,0,1,22215.45
447,2026-01-01,6,Long Grain Paddy,9486.9,2.41,13.1,2,2,22863.43
448,2026-01-01,11,Sella Paddy,10164.8,2.5,14.4,1,0,25412.0
449,2026-01-01,18,Long Grain Paddy,11132.1,2.28,12.7,1,0,25381.19
450,2026-01-02,2,Sella Paddy,8693.4,2.35,14.3,2,1,20429.49
451,2026-01-02,17,Broken-Prone Paddy,5561.6,2.55,14.3,0,0,14182.08
452,2026-01-04,7,Sella Paddy,8588.5,2.15,12.6,0,0,18465.27
453,2026-01-04,11,Long Grain Paddy,7960.2,2.49,12.7,1,0,19820.9
454,2026-01-04,17,Sella Paddy,10814.2,2.17,12.3,0,1,23466.81
455,2026-01-05,5,Broken-Prone Paddy,7769.1,2.16,13.7,2,2,16781.26
456,2026-01-05,1,Basmati Paddy,8023.1,2.54,14.5,7,2,20378.67
457,2026-01-05,5,Long Grain Paddy,9194.9,2.5,16.6,1,1,22987.25
458,2026-01-06,13,Long Grain Paddy,7043.0,2.33,12.7,1,0,16410.19
459,2026-01-06,1,Long Grain Paddy,13950.5,2.37,11.7,6,0,33062.69
460,2026-01-07,1,Long Grain Paddy,12725.0,2.45,14.7,4,2,31176.25
461,2026-01-08,12,Sella Paddy,12022.0,2.47,14.4,0,0,29694.34
462,2026-01-09,18,Basmati Paddy,7180.1,2.47,12.2,0,1,17734.85
463,2026-01-09,16,Basmati Paddy,6489.6,2.14,13.3,1,0,13887.74
464,2026-01-10,17,Sella Paddy,9656.8,2.23,14.7,1,0,21534.66
465,2026-01-10,10,Broken-Prone Paddy,5256.6,2.13,12.2,1,1,11196.56
466,2026-01-11,13,Sella Paddy,7399.2,2.1,14.1,1,0,15538.32
467,2026-01-12,1,Broken-Prone Paddy,8357.6,2.48,15.3,3,2,20726.85
468,2026-01-12,4,Sella Paddy,8399.1,2.44,15.0,2,2,20493.8
469,2026-01-12,16,Sella Paddy,11358.7,2.08,16.7,2,0,23626.1
470,2026-01-13,13,Broken-Prone Paddy,5889.7,2.31,10.4,0,1,13605.21
471,2026-01-14,2,Long Grain Paddy,8343.7,2.66,13.1,0,1,22194.24
472,2026-01-14,15,Broken-Prone Paddy,5327.0,2.11,14.9,6,1,11239.97
473,2026-01-14,14,Broken-Prone Paddy,7126.4,2.23,14.3,1,2,15891.87
474,2026-01-14,6,Basmati Paddy,9144.1,2.29,13.9,4,0,20939.99
475,2026-01-15,8,Sella Paddy,9575.4,2.07,13.8,0,1,19821.08
476,2026-01-15,14,Long Grain Paddy,5630.5,2.44,13.9,1,0,13738.42
477,2026-01-16,4,Broken-Prone Paddy,9367.9,2.22,14.7,1,1,20796.74
478,2026-01-16,17,Broken-Prone Paddy,5914.2,2.44,13.3,0,0,14430.65
479,2026-01-17,4,Sella Paddy,9382.9,2.27,16.4,2,0,21299.18
480,2026-01-17,7,Sella Paddy,7385.8,2.48,14.6,2,0,18316.78
481,2026-01-18,17,Sella Paddy,6505.6,2.38,14.9,0,0,15483.33
482,2026-01-19,18,Sella Paddy,6779.3,2.44,13.5,1,0,16541.49
483,2026-01-19,11,Long Grain Paddy,6895.0,2.55,11.2,3,0,17582.25
484,2026-01-20,3,Long Grain Paddy,7033.9,2.49,12.4,2,2,17514.41
485,2026-01-21,18,Broken-Prone Paddy,5122.1,1.92,12.5,0,1,9834.43
486,2026-01-21,2,Basmati Paddy,7944.2,2.25,14.1,1,1,17874.45
487,2026-01-21,3,Broken-Prone Paddy,8481.4,2.52,12.8,0,1,21373.13
488,2026-01-21,18,Broken-Prone Paddy,11425.1,2.11,13.8,2,0,24106.96
489,2026-01-21,9,Sella Paddy,10405.0,2.31,14.5,1,1,24035.55
490,2026-01-21,15,Basmati Paddy,9909.2,2.52,13.3,3,1,24971.18
491,2026-01-22,7,Basmati Paddy,7029.1,2.3,14.2,1,0,16166.93
492,2026-01-22,10,Broken-Prone Paddy,7853.1,2.27,13.2,0,0,17826.54
493,2026-01-22,5,Basmati Paddy,7484.7,2.46,14.3,6,2,18412.36
494,2026-01-23,15,Broken-Prone Paddy,7669.6,2.36,12.6,5,1,18100.26
495,2026-01-23,5,Broken-Prone Paddy,10637.1,2.32,13.7,5,0,24678.07
496,2026-01-23,5,Sella Paddy,5793.9,2.14,13.5,4,2,12398.95
497,2026-01-23,6,Long Grain Paddy,9590.4,2.11,14.3,2,1,20235.74
498,2026-01-24,15,Basmati Paddy,6875.8,2.61,14.2,6,2,17945.84
499,2026-01-24,4,Broken-Prone Paddy,7375.5,2.4,14.3,0,2,17701.2
500,2026-01-24,16,Sella Paddy,3345.1,2.37,15.3,1,1,7927.89
501,2026-01-24,4,Sella Paddy,10465.9,2.24,12.2,1,1,23443.62
502,2026-01-24,2,Broken-Prone Paddy,4677.0,2.34,13.7,2,2,10944.18
503,2026-01-25,17,Broken-Prone Paddy,7755.4,2.18,11.9,0,2,16906.77
504,2026-01-25,18,Basmati Paddy,7600.2,2.49,11.5,1,3,18924.5
505,2026-01-26,14,Broken-Prone Paddy,500.0,2.44,14.1,1,0,1220.0
506,2026-01-26,1,Basmati Paddy,6015.5,2.37,14.2,2,0,14256.74
507,2026-01-26,2,Sella Paddy,7600.8,2.41,14.9,0,1,18317.93
508,2026-01-27,2,Sella Paddy,12641.6,2.28,14.3,2,0,28822.85
509,2026-01-27,5,Sella Paddy,7809.0,2.33,14.1,2,1,18194.97
510,2026-01-27,11,Sella Paddy,7009.2,2.18,12.5,2,0,15280.06
511,2026-01-27,13,Long Grain Paddy,6525.3,2.45,13.3,0,0,15986.99
512,2026-01-27,7,Basmati Paddy,738.8,2.44,13.5,1,1,1802.67
513,2026-01-27,18,Sella Paddy,8584.6,2.51,12.5,0,2,21547.35
514,2026-01-28,8,Sella Paddy,6124.1,2.16,11.0,0,0,13228.06
515,2026-01-28,16,Sella Paddy,7669.7,2.27,12.3,2,0,17410.22
516,2026-01-29,17,Long Grain Paddy,9947.6,2.18,14.4,0,2,21685.77
517,2026-01-29,2,Sella Paddy,8362.7,2.25,12.9,1,1,18816.08
518,2026-01-29,5,Basmati Paddy,4289.9,2.32,15.9,2,0,9952.57
519,2026-01-29,6,Broken-Prone Paddy,9998.5,2.49,14.2,3,1,24896.27
520,2026-01-30,3,Long Grain Paddy,8110.9,2.09,14.5,3,1,16951.78
521,2026-01-31,15,Broken-Prone Paddy,10850.8,2.72,11.6,2,0,29514.18
522,2026-01-31,5,Basmati Paddy,12478.2,2.37,14.7,2,0,29573.33
523,2026-01-31,7,Broken-Prone Paddy,9014.3,2.32,13.8,0,0,20913.18
524,2026-01-31,12,Basmati Paddy,9010.5,2.46,13.4,1,0,22165.83
525,2026-02-01,8,Sella Paddy,12647.4,2.5,15.4,0,0,31618.5
526,2026-02-03,16,Long Grain Paddy,8478.7,2.22,17.7,3,0,18822.71
527,2026-02-03,13,Long Grain Paddy,9927.8,2.55,14.4,0,0,25315.89
528,2026-02-03,10,Long Grain Paddy,10922.1,2.29,13.1,0,0,25011.61
529,2026-02-04,4,Basmati Paddy,11646.6,2.32,16.0,1,2,27020.11
530,2026-02-04,7,Long Grain Paddy,11326.0,2.55,13.9,2,0,28881.3
531,2026-02-04,2,Broken-Prone Paddy,9352.3,2.48,13.1,3,1,23193.7
532,2026-02-05,13,Broken-Prone Paddy,5333.4,2.52,13.0,1,0,13440.17
533,2026-02-05,5,Basmati Paddy,9072.8,2.24,15.8,3,1,20323.07
534,2026-02-05,11,Sella Paddy,6163.6,2.05,12.1,0,1,12635.38
535,2026-02-05,8,Sella Paddy,7468.7,2.53,14.0,0,0,18895.81
536,2026-02-05,10,Long Grain Paddy,4815.7,2.4,12.5,0,0,11557.68
537,2026-02-06,6,Sella Paddy,8239.3,2.26,13.6,2,2,18620.82
538,2026-02-07,8,Sella Paddy,10107.8,2.52,12.6,0,0,25471.66
539,2026-02-07,2,Long Grain Paddy,10125.2,2.41,14.0,1,1,24401.73
540,2026-02-08,18,Basmati Paddy,9594.3,2.42,14.6,0,0,23218.21
541,2026-02-08,13,Broken-Prone Paddy,5013.7,2.39,12.2,0,0,11982.74
542,2026-02-08,13,Basmati Paddy,9051.7,2.26,14.3,0,0,20456.84
543,2026-02-09,1,Long Grain Paddy,5987.1,2.51,11.9,3,0,15027.62
544,2026-02-09,7,Long Grain Paddy,8785.7,2.32,14.0,0,0,20382.82
545,2026-02-09,2,Broken-Prone Paddy,7877.0,2.42,14.0,1,1,19062.34
546,2026-02-10,1,Broken-Prone Paddy,7548.8,2.21,16.5,2,1,16682.85
547,2026-02-10,18,Sella Paddy,11366.6,2.16,15.9,2,1,24551.86
548,2026-02-10,17,Broken-Prone Paddy,8420.0,2.49,14.1,4,0,20965.8
549,2026-02-11,5,Sella Paddy,7465.4,2.55,12.7,1,1,19036.77
550,2026-02-12,1,Sella Paddy,10655.8,2.34,13.9,3,0,24934.57
551,2026-02-12,17,Basmati Paddy,6655.9,2.45,12.2,1,2,16306.96
552,2026-02-12,10,Broken-Prone Paddy,7389.3,2.42,12.3,0,0,17882.11
553,2026-02-12,5,Basmati Paddy,8244.5,2.33,13.9,4,1,19209.69
554,2026-02-14,13,Basmati Paddy,9010.8,2.21,14.3,0,0,19913.87
555,2026-02-14,14,Long Grain Paddy,6168.7,2.35,14.0,2,1,14496.44
556,2026-02-14,6,Broken-Prone Paddy,3767.3,2.45,14.3,4,1,9229.88
557,2026-02-15,8,Basmati Paddy,8177.8,2.32,12.8,0,0,18972.5
558,2026-02-15,8,Long Grain Paddy,9535.3,2.22,11.8,0,1,21168.37
559,2026-02-15,8,Basmati Paddy,5567.5,2.65,11.6,2,0,14753.88
560,2026-02-16,12,Long Grain Paddy,6002.6,2.05,13.3,0,0,12305.33
561,2026-02-16,13,Sella Paddy,8103.5,2.28,13.4,0,0,18475.98
562,2026-02-16,16,Sella Paddy,8173.8,2.64,12.7,3,1,21578.83
563,2026-02-17,6,Basmati Paddy,7649.5,2.54,15.1,3,1,19429.73
564,2026-02-17,13,Basmati Paddy,4699.5,2.32,12.9,0,0,10902.84
565,2026-02-18,6,Broken-Prone Paddy,11321.4,2.14,13.5,3,3,24227.8
566,2026-02-18,5,Long Grain Paddy,5810.3,2.32,13.9,2,1,13479.9
567,2026-02-18,14,Broken-Prone Paddy,8994.6,2.5,13.6,0,1,22486.5
568,2026-02-18,2,Basmati Paddy,7316.3,2.51,14.2,2,0,18363.91
569,2026-02-19,13,Sella Paddy,11024.9,2.52,11.9,1,0,27782.75
570,2026-02-19,5,Broken-Prone Paddy,8203.2,2.34,17.3,1,3,19195.49
571,2026-02-19,11,Basmati Paddy,9807.1,2.37,14.7,0,1,23242.83
572,2026-02-19,6,Broken-Prone Paddy,5967.8,2.4,13.3,4,2,14322.72
573,2026-02-20,5,Broken-Prone Paddy,4073.0,2.44,15.2,4,2,9938.12
574,2026-02-20,18,Broken-Prone Paddy,5792.5,2.19,13.6,0,0,12685.58
575,2026-02-21,18,Basmati Paddy,4256.9,2.54,12.7,1,1,10812.53
576,2026-02-22,5,Basmati Paddy,7500.0,2.2,15.1,2,1,16500.0
577,2026-02-22,17,Sella Paddy,2464.6,2.29,14.0,2,0,5643.93
578,2026-02-22,14,Sella Paddy,8200.8,2.25,14.6,5,1,18451.8
579,2026-02-23,17,Basmati Paddy,7870.3,2.33,16.1,0,2,18337.8
580,2026-02-23,18,Basmati Paddy,4988.5,2.21,13.5,0,0,11024.58
581,2026-02-24,3,Long Grain Paddy,3402.0,2.34,14.0,4,1,7960.68
582,2026-02-24,14,Broken-Prone Paddy,7299.4,2.54,13.1,1,0,18540.48
583,2026-02-26,18,Long Grain Paddy,500.0,2.29,11.8,0,0,1145.0
584,2026-02-26,11,Long Grain Paddy,9469.6,2.44,11.2,0,0,23105.82
585,2026-02-26,11,Long Grain Paddy,11377.1,2.25,12.6,0,0,25598.48
586,2026-02-27,11,Sella Paddy,8957.0,2.35,12.9,1,1,21048.95
587,2026-02-27,10,Sella Paddy,9327.6,2.37,14.5,0,2,22106.41
588,2026-02-28,10,Sella Paddy,6307.0,2.41,12.8,0,0,15199.87
589,2026-02-28,13,Broken-Prone Paddy,4470.4,2.31,15.5,0,1,10326.62
590,2026-03-01,11,Sella Paddy,3387.5,2.47,13.6,1,2,8367.12
591,2026-03-03,18,Broken-Prone Paddy,8133.9,2.5,14.5,2,0,20334.75
592,2026-03-03,8,Long Grain Paddy,5339.4,2.35,11.3,2,0,12547.59
593,2026-03-03,15,Basmati Paddy,5067.5,2.09,13.8,0,3,10591.08
594,2026-03-04,16,Broken-Prone Paddy,500.0,2.61,13.9,2,1,1305.0
595,2026-03-04,11,Long Grain Paddy,3403.5,2.15,12.2,0,1,7317.52
596,2026-03-05,10,Broken-Prone Paddy,10389.8,2.37,11.9,0,0,24623.83
597,2026-03-05,15,Sella Paddy,12843.9,1.95,14.2,1,0,25045.6
598,2026-03-05,11,Sella Paddy,9804.0,2.31,13.7,1,1,22647.24
599,2026-03-06,1,Basmati Paddy,7035.8,2.42,14.8,5,3,17026.64
600,2026-03-06,10,Broken-Prone Paddy,5164.3,2.33,13.7,0,0,12032.82
601,2026-03-07,2,Long Grain Paddy,10584.5,2.25,13.0,2,0,23815.12
602,2026-03-07,8,Basmati Paddy,11078.5,2.1,15.4,0,0,23264.85
603,2026-03-07,17,Basmati Paddy,9412.1,2.6,13.2,1,0,24471.46
604,2026-03-09,11,Long Grain Paddy,6356.6,2.34,14.4,0,3,14874.44
605,2026-03-09,8,Broken-Prone Paddy,11663.9,2.28,13.7,0,1,26593.69
606,2026-03-09,6,Broken-Prone Paddy,7221.6,2.53,14.0,3,1,18270.65
607,2026-03-11,8,Broken-Prone Paddy,5463.4,2.25,15.9,0,1,12292.65
608,2026-03-11,15,Basmati Paddy,8035.0,2.16,14.9,3,2,17355.6
609,2026-03-12,5,Broken-Prone Paddy,9333.4,2.21,15.4,5,2,20626.81
610,2026-03-12,17,Broken-Prone Paddy,10028.5,2.56,13.3,2,0,25672.96
611,2026-03-12,10,Broken-Prone Paddy,12329.8,2.03,13.6,1,1,25029.49
612,2026-03-13,9,Long Grain Paddy,6033.1,2.45,12.9,0,0,14781.1
613,2026-03-14,12,Sella Paddy,6267.8,2.34,12.6,0,0,14666.65
614,2026-03-14,16,Basmati Paddy,6069.0,2.48,15.8,5,1,15051.12
615,2026-03-14,16,Sella Paddy,10576.5,2.5,14.9,1,0,26441.25
616,2026-03-14,11,Sella Paddy,5232.8,2.64,14.4,0,0,13814.59
617,2026-03-15,3,Basmati Paddy,9844.3,2.19,16.2,2,1,21559.02
618,2026-03-15,4,Broken-Prone Paddy,5772.7,2.46,15.7,4,1,14200.84
619,2026-03-15,8,Long Grain Paddy,6798.4,2.73,13.3,1,0,18559.63
620,2026-03-16,13,Long Grain Paddy,6163.0,2.1,12.8,0,0,12942.3
621,2026-03-17,3,Basmati Paddy,9471.3,2.45,13.5,4,1,23204.68
622,2026-03-17,2,Long Grain Paddy,8462.8,2.13,14.8,5,2,18025.76
623,2026-03-17,6,Basmati Paddy,10380.5,2.29,13.7,1,1,23771.34
624,2026-03-17,7,Basmati Paddy,7997.6,2.52,13.6,2,0,20153.95
625,2026-03-17,7,Basmati Paddy,5130.3,2.46,14.5,0,1,12620.54
626,2026-03-18,18,Broken-Prone Paddy,9571.9,2.3,15.5,1,2,22015.37
627,2026-03-19,7,Broken-Prone Paddy,9150.1,2.38,12.5,3,0,21777.24
628,2026-03-19,10,Long Grain Paddy,5705.1,2.61,12.3,0,0,14890.31
629,2026-03-19,14,Broken-Prone Paddy,5774.4,2.12,14.3,1,1,12241.73
630,2026-03-20,2,Sella Paddy,9810.9,2.36,14.8,2,0,23153.72
631,2026-03-20,18,Basmati Paddy,5889.2,2.45,13.5,1,0,14428.54
632,2026-03-20,6,Broken-Prone Paddy,15339.1,2.19,13.7,4,2,33592.63
633,2026-03-20,1,Sella Paddy,7808.9,2.24,12.7,3,2,17491.94
634,2026-03-20,3,Long Grain Paddy,7986.5,2.22,15.0,2,0,17730.03
635,2026-03-21,8,Long Grain Paddy,9582.4,2.73,13.8,0,2,26159.95
636,2026-03-21,2,Broken-Prone Paddy,11163.3,2.28,13.3,3,0,25452.32
637,2026-03-22,13,Basmati Paddy,9296.2,2.71,13.9,1,0,25192.7
638,2026-03-22,5,Broken-Prone Paddy,1985.7,2.46,15.7,4,0,4884.82
639,2026-03-23,10,Sella Paddy,9495.8,2.09,12.3,0,1,19846.22
640,2026-03-23,14,Sella Paddy,13034.2,2.43,14.7,3,0,31673.11
641,2026-03-23,15,Sella Paddy,6102.6,2.2,14.0,1,3,13425.72
642,2026-03-25,11,Long Grain Paddy,7515.7,2.43,13.8,1,0,18263.15
643,2026-03-25,2,Sella Paddy,9022.2,2.27,14.6,6,2,20480.39
644,2026-03-25,9,Sella Paddy,4969.9,2.4,12.7,2,0,11927.76
645,2026-03-26,16,Basmati Paddy,11490.8,2.36,14.1,1,0,27118.29
646,2026-03-26,18,Broken-Prone Paddy,5361.9,2.39,15.3,1,0,12814.94
647,2026-03-26,10,Basmati Paddy,8485.1,2.51,11.0,0,0,21297.6
648,2026-03-26,1,Broken-Prone Paddy,5236.0,2.48,14.0,2,1,12985.28
649,2026-03-26,3,Long Grain Paddy,11656.2,2.38,14.2,1,2,27741.76
650,2026-03-28,4,Sella Paddy,9825.9,2.36,15.6,4,1,23189.12
651,2026-03-28,2,Long Grain Paddy,5333.3,2.36,13.5,2,2,12586.59
652,2026-03-29,18,Sella Paddy,7112.2,2.16,16.1,0,0,15362.35
653,2026-03-29,15,Sella Paddy,10730.3,2.13,14.9,1,1,22855.54
654,2026-03-30,15,Basmati Paddy,5030.6,2.29,15.0,1,1,11520.07
655,2026-03-30,2,Basmati Paddy,7486.8,2.52,13.2,2,0,18866.74
656,2026-03-30,10,Sella Paddy,7043.9,2.05,12.4,0,0,14439.99
657,2026-03-31,17,Basmati Paddy,4358.3,2.29,11.9,0,1,9980.51
658,2026-03-31,4,Long Grain Paddy,9046.4,2.4,10.9,2,0,21711.36
659,2026-03-31,14,Basmati Paddy,6962.1,2.18,14.1,2,1,15177.38
660,2026-03-31,4,Broken-Prone Paddy,13035.6,2.45,12.3,4,0,31937.22
661,2026-04-01,10,Long Grain Paddy,6002.9,2.51,14.3,0,2,15067.28
662,2026-04-01,1,Sella Paddy,6669.6,2.41,15.0,0,1,16073.74
663,2026-04-01,17,Basmati Paddy,1452.1,2.16,14.2,3,0,3136.54
664,2026-04-02,15,Sella Paddy,9077.2,2.16,14.2,5,1,19606.75
665,2026-04-02,1,Broken-Prone Paddy,6791.0,2.48,13.2,1,0,16841.68
666,2026-04-02,15,Basmati Paddy,11321.3,2.19,13.1,4,0,24793.65
667,2026-04-02,7,Sella Paddy,5693.6,2.58,14.6,0,0,14689.49
668,2026-04-02,5,Long Grain Paddy,9883.5,2.26,13.5,3,1,22336.71
669,2026-04-02,17,Sella Paddy,11288.8,2.38,13.3,0,3,26867.34
670,2026-04-02,4,Broken-Prone Paddy,5360.9,2.3,12.6,4,2,12330.07
671,2026-04-03,11,Basmati Paddy,5568.1,2.41,13.3,1,1,13419.12
672,2026-04-03,17,Sella Paddy,10636.9,2.34,14.4,1,0,24890.35
673,2026-04-04,16,Sella Paddy,12984.2,2.21,11.6,1,0,28695.08
674,2026-04-04,3,Long Grain Paddy,7191.7,2.35,14.7,0,0,16900.5
675,2026-04-04,1,Broken-Prone Paddy,12108.9,2.41,15.9,3,1,29182.45
676,2026-04-05,9,Sella Paddy,8561.0,2.43,13.2,2,0,20803.23
677,2026-04-05,7,Sella Paddy,4391.1,2.45,14.0,0,0,10758.2
678,2026-04-06,11,Broken-Prone Paddy,8191.9,2.14,13.7,2,0,17530.67
679,2026-04-07,1,Broken-Prone Paddy,7579.0,2.3,14.9,3,1,17431.7
680,2026-04-07,10,Basmati Paddy,9678.5,2.53,16.2,0,0,24486.6
681,2026-04-08,1,Broken-Prone Paddy,10617.3,2.15,13.5,5,1,22827.19
682,2026-04-08,2,Sella Paddy,762.0,2.35,15.7,0,2,1790.7
683,2026-04-08,13,Basmati Paddy,6715.9,2.51,12.6,0,1,16856.91
684,2026-04-09,17,Basmati Paddy,7611.6,2.05,10.4,0,0,15603.78
685,2026-04-09,17,Basmati Paddy,8832.5,2.32,13.9,3,0,20491.4
686,2026-04-09,15,Long Grain Paddy,5622.0,2.3,13.1,2,1,12930.6
687,2026-04-10,6,Basmati Paddy,8829.1,2.19,16.3,4,2,19335.73
688,2026-04-10,9,Long Grain Paddy,13562.2,2.57,14.5,0,0,34854.85
689,2026-04-10,10,Long Grain Paddy,2951.5,2.43,15.9,1,0,7172.14
690,2026-04-10,2,Broken-Prone Paddy,8217.5,2.19,14.9,0,1,17996.32
691,2026-04-10,4,Long Grain Paddy,9126.2,2.31,14.7,0,0,21081.52
692,2026-04-11,5,Broken-Prone Paddy,6880.1,2.17,11.8,3,1,14929.82
693,2026-04-11,10,Sella Paddy,7052.2,2.46,13.4,0,0,17348.41
694,2026-04-11,13,Broken-Prone Paddy,8845.9,2.2,13.2,0,0,19460.98
695,2026-04-11,17,Sella Paddy,7040.3,2.38,13.5,0,0,16755.91
696,2026-04-11,3,Broken-Prone Paddy,7886.9,2.17,15.6,0,0,17114.57
697,2026-04-12,17,Long Grain Paddy,6703.3,2.48,13.5,0,1,16624.18
698,2026-04-14,9,Long Grain Paddy,8512.7,2.11,15.9,0,0,17961.8
699,2026-04-14,10,Long Grain Paddy,5045.0,2.46,13.3,0,0,12410.7
700,2026-04-14,13,Long Grain Paddy,11223.9,2.36,12.1,0,0,26488.4
701,2026-04-15,17,Broken-Prone Paddy,5597.8,2.43,14.7,0,1,13602.65
702,2026-04-15,1,Long Grain Paddy,5150.9,2.59,15.2,3,1,13340.83
703,2026-04-15,2,Sella Paddy,3272.2,2.38,11.8,1,0,7787.84
704,2026-04-15,13,Sella Paddy,5963.1,2.38,11.7,1,0,14192.18
705,2026-04-16,7,Long Grain Paddy,7727.4,2.36,13.6,0,1,18236.66
706,2026-04-16,16,Broken-Prone Paddy,5242.0,2.47,14.2,2,0,12947.74
707,2026-04-16,4,Long Grain Paddy,2770.4,2.34,11.7,2,0,6482.74
708,2026-04-17,12,Broken-Prone Paddy,8680.7,2.22,11.5,0,0,19271.15
709,2026-04-18,3,Broken-Prone Paddy,5561.1,2.45,13.6,4,0,13624.7
710,2026-04-18,4,Sella Paddy,11988.2,2.3,14.6,2,2,27572.86
711,2026-04-19,9,Broken-Prone Paddy,7311.1,2.27,14.0,0,1,16596.2
712,2026-04-19,16,Long Grain Paddy,10675.2,2.38,14.4,2,1,25406.98
713,2026-04-20,10,Basmati Paddy,8345.5,2.18,13.1,0,0,18193.19
714,2026-04-20,13,Sella Paddy,6037.8,2.62,13.3,1,0,15819.04
715,2026-04-20,13,Sella Paddy,9994.6,2.07,14.0,0,0,20688.82
716,2026-04-21,1,Long Grain Paddy,3619.1,2.22,15.3,2,2,8034.4
717,2026-04-21,18,Long Grain Paddy,6583.4,2.48,14.4,0,0,16326.83
718,2026-04-21,9,Basmati Paddy,8812.0,2.37,12.4,2,1,20884.44
719,2026-04-22,11,Basmati Paddy,6664.5,1.89,14.0,0,1,12595.9
720,2026-04-24,6,Broken-Prone Paddy,4061.5,2.31,14.4,1,2,9382.06
721,2026-04-24,4,Broken-Prone Paddy,8249.7,2.52,15.1,2,0,20789.24
722,2026-04-25,1,Broken-Prone Paddy,5993.0,2.12,15.7,2,1,12705.16
723,2026-04-25,14,Sella Paddy,5413.0,2.51,12.1,4,0,13586.63
724,2026-04-27,13,Long Grain Paddy,11976.0,2.26,12.3,0,0,27065.76
725,2026-04-29,5,Sella Paddy,5739.3,2.27,13.7,9,3,13028.21
726,2026-04-29,16,Long Grain Paddy,3231.0,2.27,15.3,1,1,7334.37
727,2026-04-29,1,Long Grain Paddy,13446.4,2.38,14.3,6,2,32002.43
728,2026-04-29,7,Basmati Paddy,10678.8,2.12,11.1,1,0,22639.06
729,2026-04-29,17,Basmati Paddy,4432.9,2.36,14.5,0,0,10461.64
730,2026-04-30,13,Sella Paddy,6112.1,2.42,13.8,1,1,14791.28
731,2026-04-30,9,Long Grain Paddy,7775.5,2.35,14.5,2,1,18272.42
732,2026-04-30,14,Broken-Prone Paddy,9873.5,2.35,11.6,2,1,23202.72
733,2026-04-30,3,Broken-Prone Paddy,12102.6,2.41,11.8,1,1,29167.27
734,2026-05-01,3,Basmati Paddy,9656.4,2.37,12.9,2,2,22885.67
735,2026-05-04,4,Long Grain Paddy,7115.8,2.35,13.7,2,0,16722.13
736,2026-05-04,5,Basmati Paddy,9101.7,2.23,14.9,1,1,20296.79
737,2026-05-04,8,Broken-Prone Paddy,8408.5,2.21,15.3,0,0,18582.78
738,2026-05-05,8,Long Grain Paddy,4078.8,2.18,13.5,0,1,8891.78
739,2026-05-06,16,Basmati Paddy,5937.0,2.41,12.8,0,0,14308.17
740,2026-05-07,9,Broken-Prone Paddy,14771.2,2.47,13.9,2,0,36484.86
741,2026-05-07,8,Sella Paddy,9712.7,2.37,15.1,2,0,23019.1
742,2026-05-08,3,Basmati Paddy,8071.2,2.35,10.5,0,2,18967.32
743,2026-05-08,12,Broken-Prone Paddy,2652.2,2.33,14.7,0,2,6179.63
744,2026-05-09,6,Sella Paddy,6777.5,2.26,13.3,1,1,15317.15
745,2026-05-09,18,Basmati Paddy,7603.7,2.21,13.6,0,0,16804.18
746,2026-05-09,7,Sella Paddy,8358.6,2.48,11.9,0,0,20729.33
747,2026-05-10,12,Sella Paddy,5790.0,2.37,12.7,0,0,13722.3
748,2026-05-10,15,Sella Paddy,13595.9,2.21,13.2,3,3,30046.94
749,2026-05-10,15,Sella Paddy,6860.4,2.44,12.8,2,2,16739.38
750,2026-05-11,9,Sella Paddy,7432.1,2.49,11.3,1,2,18505.93
751,2026-05-12,8,Broken-Prone Paddy,9818.6,2.47,14.5,1,0,24251.94
752,2026-05-12,4,Long Grain Paddy,4597.9,2.08,13.6,3,1,9563.63
753,2026-05-13,16,Long Grain Paddy,6625.1,2.47,14.2,4,0,16364.0
754,2026-05-13,10,Basmati Paddy,10717.2,2.25,13.0,0,1,24113.7
755,2026-05-14,15,Sella Paddy,9449.7,2.51,13.8,5,3,23718.75
756,2026-05-15,17,Sella Paddy,9647.4,2.28,13.9,0,1,21996.07
757,2026-05-15,4,Basmati Paddy,9263.0,2.56,12.6,1,0,23713.28
758,2026-05-16,16,Sella Paddy,9897.4,2.39,13.5,0,0,23654.79
759,2026-05-16,12,Long Grain Paddy,8664.8,2.37,13.3,0,0,20535.58
760,2026-05-17,7,Long Grain Paddy,13979.8,2.23,13.3,3,0,31174.95
761,2026-05-17,11,Sella Paddy,7401.8,2.45,13.2,0,0,18134.41
762,2026-05-17,5,Broken-Prone Paddy,9663.2,2.2,14.1,6,0,21259.04
763,2026-05-17,11,Sella Paddy,6192.8,2.3,12.5,2,0,14243.44
764,2026-05-17,18,Broken-Prone Paddy,6459.1,2.39,13.7,0,1,15437.25
765,2026-05-17,13,Broken-Prone Paddy,8681.4,2.25,13.4,1,0,19533.15
766,2026-05-18,10,Sella Paddy,11083.5,2.35,12.6,0,1,26046.22
767,2026-05-18,2,Basmati Paddy,6707.9,2.44,15.5,2,1,16367.28
768,2026-05-18,14,Basmati Paddy,6171.9,2.48,14.0,0,2,15306.31
769,2026-05-18,18,Long Grain Paddy,9934.8,2.44,13.2,1,0,24240.91
770,2026-05-19,1,Long Grain Paddy,5241.5,2.28,12.8,2,3,11950.62
771,2026-05-19,5,Long Grain Paddy,9684.4,2.27,13.7,2,1,21983.59
772,2026-05-19,9,Basmati Paddy,9560.7,2.14,11.4,1,1,20459.9
773,2026-05-20,6,Basmati Paddy,7570.8,2.51,14.6,2,1,19002.71
774,2026-05-20,1,Sella Paddy,9848.4,2.26,13.8,5,3,22257.38
775,2026-05-20,14,Long Grain Paddy,8735.1,2.29,13.8,2,0,20003.38
776,2026-05-20,16,Sella Paddy,11302.3,2.41,13.0,2,0,27238.54
777,2026-05-20,9,Long Grain Paddy,12397.8,2.64,15.3,0,0,32730.19
778,2026-05-21,10,Sella Paddy,3605.3,2.12,13.2,0,0,7643.24
779,2026-05-21,15,Long Grain Paddy,8569.4,2.1,15.0,4,0,17995.74
780,2026-05-21,17,Long Grain Paddy,2184.1,2.3,12.9,1,0,5023.43
781,2026-05-22,6,Sella Paddy,6995.0,2.46,12.5,2,1,17207.7
782,2026-05-22,17,Broken-Prone Paddy,6233.1,2.4,12.7,2,0,14959.44
783,2026-05-24,18,Long Grain Paddy,7447.4,2.21,13.1,3,2,16458.75
784,2026-05-25,12,Sella Paddy,8323.4,1.99,10.9,0,0,16563.57
785,2026-05-26,15,Basmati Paddy,9733.0,2.05,13.3,2,1,19952.65
786,2026-05-26,7,Sella Paddy,9005.7,2.55,13.6,2,0,22964.54
787,2026-05-26,3,Basmati Paddy,10493.2,2.53,13.8,2,0,26547.8
788,2026-05-28,4,Long Grain Paddy,10663.4,2.31,15.6,0,1,24632.45
789,2026-05-28,12,Long Grain Paddy,11263.5,2.11,11.9,0,1,23765.98
790,2026-05-28,10,Broken-Prone Paddy,8786.0,2.47,13.5,0,0,21701.42
791,2026-05-28,9,Broken-Prone Paddy,9347.6,2.43,14.4,1,1,22714.67
792,2026-05-30,8,Sella Paddy,5560.1,2.45,13.3,0,0,13622.25
793,2026-05-30,15,Sella Paddy,8572.0,2.2,15.3,7,2,18858.4
794,2026-05-30,12,Basmati Paddy,6673.1,2.19,15.3,0,0,14614.09
795,2026-05-31,7,Broken-Prone Paddy,5427.7,2.32,11.0,0,1,12592.26
796,2026-05-31,11,Broken-Prone Paddy,10646.5,2.11,12.1,0,0,22464.12
797,2026-06-01,7,Basmati Paddy,7644.9,2.22,15.4,1,0,16971.68
798,2026-06-01,6,Basmati Paddy,6975.6,2.5,15.4,3,2,17439.0
799,2026-06-01,15,Basmati Paddy,3182.1,2.7,13.1,2,0,8591.67
800,2026-06-01,13,Basmati Paddy,6278.6,2.37,13.5,1,1,14880.28
801,2026-06-02,7,Basmati Paddy,6196.4,2.43,13.6,0,0,15057.25
802,2026-06-03,6,Broken-Prone Paddy,2053.9,2.38,14.6,2,1,4888.28
803,2026-06-03,8,Broken-Prone Paddy,11786.8,2.41,13.6,0,0,28406.19
804,2026-06-03,15,Broken-Prone Paddy,11496.3,2.29,15.5,0,0,26326.53
805,2026-06-03,1,Long Grain Paddy,1238.0,2.34,13.8,2,0,2896.92
806,2026-06-03,13,Broken-Prone Paddy,5554.2,2.62,13.9,0,0,14552.0
807,2026-06-03,16,Basmati Paddy,8643.1,2.3,13.0,3,1,19879.13
808,2026-06-04,13,Broken-Prone Paddy,7307.0,2.42,12.7,0,0,17682.94
809,2026-06-04,6,Basmati Paddy,8652.1,2.42,14.5,2,3,20938.08
810,2026-06-05,5,Long Grain Paddy,6987.3,2.46,13.5,1,0,17188.76
811,2026-06-05,12,Sella Paddy,13324.5,2.51,13.4,0,0,33444.49
812,2026-06-05,17,Basmati Paddy,9936.5,2.38,12.5,2,0,23648.87
813,2026-06-05,12,Basmati Paddy,7798.4,2.47,12.9,0,1,19262.05
814,2026-06-05,5,Basmati Paddy,11041.1,1.99,14.4,4,1,21971.79
815,2026-06-06,14,Sella Paddy,7811.2,2.5,14.1,3,2,19528.0
816,2026-06-06,16,Sella Paddy,6752.2,2.53,13.0,1,1,17083.07
817,2026-06-08,10,Broken-Prone Paddy,11514.3,2.42,12.7,1,0,27864.61
818,2026-06-08,11,Broken-Prone Paddy,6866.8,2.32,11.1,0,0,15930.98
819,2026-06-09,2,Long Grain Paddy,5797.1,2.17,12.3,1,2,12579.71
820,2026-06-09,9,Broken-Prone Paddy,7102.1,2.4,14.4,1,1,17045.04
821,2026-06-11,9,Sella Paddy,4894.2,2.09,13.6,3,0,10228.88
822,2026-06-11,15,Sella Paddy,7940.9,2.23,13.9,4,0,17708.21
823,2026-06-11,12,Long Grain Paddy,8179.4,2.59,12.2,1,0,21184.65
824,2026-06-11,18,Long Grain Paddy,8144.7,2.31,14.3,0,0,18814.26
825,2026-06-12,6,Basmati Paddy,3947.5,2.25,14.8,4,2,8881.88
826,2026-06-12,4,Broken-Prone Paddy,8656.3,2.09,11.6,0,0,18091.67
827,2026-06-13,2,Basmati Paddy,5906.5,2.03,12.2,0,1,11990.2
828,2026-06-13,2,Long Grain Paddy,3088.7,2.13,13.9,3,0,6578.93
829,2026-06-13,18,Broken-Prone Paddy,7981.8,2.18,12.5,2,0,17400.32
830,2026-06-13,13,Broken-Prone Paddy,6787.6,2.42,11.3,0,1,16425.99
831,2026-06-14,10,Long Grain Paddy,4879.3,2.48,13.1,0,0,12100.66
832,2026-06-14,7,Basmati Paddy,6017.7,2.72,14.3,1,0,16368.14
833,2026-06-14,1,Sella Paddy,8080.4,2.09,14.5,1,3,16888.04
834,2026-06-15,12,Long Grain Paddy,9756.8,2.4,10.7,0,0,23416.32
835,2026-06-15,12,Broken-Prone Paddy,10477.4,2.3,12.3,0,1,24098.02
836,2026-06-15,11,Basmati Paddy,9377.5,2.24,13.2,2,0,21005.6
837,2026-06-15,11,Long Grain Paddy,8450.7,2.23,11.8,1,2,18845.06
838,2026-06-15,12,Sella Paddy,5019.9,2.35,13.4,0,0,11796.76
839,2026-06-16,6,Sella Paddy,5305.2,2.25,13.7,3,1,11936.7
840,2026-06-16,1,Broken-Prone Paddy,10226.0,2.36,14.4,0,3,24133.36
841,2026-06-16,6,Basmati Paddy,9833.4,2.24,13.1,4,1,22026.82
842,2026-06-17,3,Long Grain Paddy,9786.3,2.4,13.3,1,2,23487.12
843,2026-06-18,12,Broken-Prone Paddy,7663.0,2.1,12.8,0,1,16092.3
844,2026-06-19,7,Broken-Prone Paddy,10764.3,2.3,15.0,1,0,24757.89
845,2026-06-20,6,Broken-Prone Paddy,7080.5,2.46,12.6,2,2,17418.03
846,2026-06-20,6,Broken-Prone Paddy,9727.3,2.35,14.2,2,1,22859.16
847,2026-06-21,2,Basmati Paddy,8487.7,2.43,13.2,2,1,20625.11
848,2026-06-21,12,Sella Paddy,8306.8,2.35,15.3,0,0,19520.98
849,2026-06-22,14,Sella Paddy,6885.5,2.42,16.1,2,0,16662.91
850,2026-06-22,5,Broken-Prone Paddy,8296.0,2.47,15.0,7,1,20491.12
851,2026-06-22,6,Broken-Prone Paddy,7726.5,2.25,12.7,1,1,17384.62
852,2026-06-22,12,Long Grain Paddy,9963.0,2.08,14.0,1,0,20723.04
853,2026-06-23,6,Basmati Paddy,9094.6,2.4,16.9,4,0,21827.04
854,2026-06-23,16,Basmati Paddy,12511.4,2.35,13.5,0,2,29401.79
855,2026-06-23,4,Broken-Prone Paddy,6649.8,2.4,13.5,1,1,15959.52
856,2026-06-24,3,Sella Paddy,10444.1,2.26,12.9,3,0,23603.67
857,2026-06-24,2,Long Grain Paddy,3227.4,2.47,15.2,3,0,7971.68
858,2026-06-25,11,Basmati Paddy,12802.2,2.43,11.7,0,2,31109.35
859,2026-06-25,9,Basmati Paddy,10553.5,2.55,12.4,0,2,26911.42
860,2026-06-25,16,Basmati Paddy,13546.1,2.22,15.7,3,0,30072.34
861,2026-06-25,4,Sella Paddy,3313.2,2.32,12.5,1,1,7686.62
862,2026-06-25,5,Basmati Paddy,10079.5,2.42,16.1,2,4,24392.39
863,2026-06-25,6,Sella Paddy,7810.7,2.47,15.0,0,1,19292.43
864,2026-06-27,10,Basmati Paddy,9583.1,2.29,10.8,0,0,21945.3
865,2026-06-28,7,Broken-Prone Paddy,11285.2,2.21,14.7,1,0,24940.29
866,2026-06-28,17,Sella Paddy,10346.9,2.56,11.3,1,0,26488.06
867,2026-06-28,4,Long Grain Paddy,6305.7,2.3,12.9,3,0,14503.11
868,2026-06-29,2,Long Grain Paddy,8771.1,2.33,15.0,1,0,20436.66
869,2026-06-29,7,Basmati Paddy,8480.1,2.62,14.7,2,1,22217.86
870,2026-06-29,5,Broken-Prone Paddy,10523.5,2.4,14.0,3,1,25256.4
871,2026-06-29,4,Sella Paddy,8324.4,2.58,13.4,4,0,21476.95
872,2026-06-30,16,Sella Paddy,2908.6,2.55,14.8,1,3,7416.93
873,2026-06-30,17,Broken-Prone Paddy,8790.6,2.44,15.6,1,1,21449.06
874,2026-06-30,5,Sella Paddy,10770.1,2.53,15.1,6,0,27248.35
